John Lenon,12/12/1900,Female,123 123 123,09027945,dgdfgl@dgd.com,Member,sdghghfg,SVVL-4444,Happy,
Le Toan,12/10/1993,Male,123 123 123,90276272,sfsdgsd@gmail.com,Diamond,fsdgdfh,
Le Toan,12/11/1993,Male,124 123 123,90276273,sfsdgsd@gmail.com,Diamond,fsdgdfh,
Le Toan,12/12/1993,Male,125 123 123,90276274,sfsdgsd@gmail.com,Diamond,fsdgdfh,
Le Toan,12/13/1993,Male,126 123 123,90276275,sfsdgsd@gmail.com,Diamond,fsdgdfh,
Le Toan,12/14/1993,Male,127 123 123,90276276,sfsdgsd@gmail.com,Diamond,fsdgdfh,
Le Toan,12/15/1993,Male,128 123 123,90276277,sfsdgsd@gmail.com,Diamond,fsdgdfh,
Le Toan,12/16/1993,Male,129 123 123,90276278,sfsdgsd@gmail.com,Diamond,fsdgdfh,
Le Toan,12/17/1993,Male,130 123 123,90276279,sfsdgsd@gmail.com,Diamond,fsdgdfh,
Le Toan,12/18/1993,Male,131 123 123,90276280,sfsdgsd@gmail.com,Diamond,fsdgdfh,
Le Toan,12/19/1993,Male,132 123 123,90276281,sfsdgsd@gmail.com,Diamond,fsdgdfh,
Le Toan,12/20/1993,Male,133 123 123,90276282,sfsdgsd@gmail.com,Diamond,fsdgdfh,
Le Toan,12/21/1993,Male,134 123 123,90276283,sfsdgsd@gmail.com,Diamond,fsdgdfh,
